{
  "lang":"en",
  "name":"pipeline",
  "version":"0.0.0",
  "spacy_version":">=3.1.1,<3.2.0",
  "description":"",
  "author":"",
  "email":"",
  "url":"",
  "license":"",
  "spacy_git_version":"ffaead8fe",
  "vectors":{
    "width":0,
    "vectors":0,
    "keys":0,
    "name":null
  },
  "labels":{
    "tok2vec":[

    ],
    "textcat":[
      "war",
      "work",
      "school",
      "russian",
      "relocation",
      "polish",
      "police",
      "Jewish",
      "Nazi",
      "hospital",
      "government",
      "fear",
      "hunger",
      "family",
      "camp",
      "army",
      "ghetto",
      "religion",
      "shooting",
      "food",
      "aid",
      "hiding",
      "survive",
      "sick",
      "american",
      "synagogue",
      "buildings",
      "prisoners",
      "kill"
    ]
  },
  "pipeline":[
    "tok2vec",
    "textcat"
  ],
  "components":[
    "tok2vec",
    "textcat"
  ],
  "disabled":[

  ],
  "performance":{
    "cats_score":0.6197388982,
    "cats_score_desc":"macro F",
    "cats_micro_p":0.7516967002,
    "cats_micro_r":0.535244126,
    "cats_micro_f":0.625267666,
    "cats_macro_p":0.7407768299,
    "cats_macro_r":0.5363236625,
    "cats_macro_f":0.6197388982,
    "cats_macro_auc":0.9564878098,
    "cats_f_per_type":{
      "war":{
        "p":0.609929078,
        "r":0.4114832536,
        "f":0.4914285714
      },
      "work":{
        "p":0.7718120805,
        "r":0.5502392344,
        "f":0.6424581006
      },
      "school":{
        "p":0.7826086957,
        "r":0.5167464115,
        "f":0.6224783862
      },
      "russian":{
        "p":0.273381295,
        "r":0.1818181818,
        "f":0.2183908046
      },
      "relocation":{
        "p":0.3157894737,
        "r":0.1722488038,
        "f":0.2229102167
      },
      "polish":{
        "p":0.357615894,
        "r":0.2583732057,
        "f":0.3
      },
      "police":{
        "p":0.8255033557,
        "r":0.5885167464,
        "f":0.687150838
      },
      "Jewish":{
        "p":0.4857142857,
        "r":0.2440191388,
        "f":0.3248407643
      },
      "Nazi":{
        "p":0.8723404255,
        "r":0.7846889952,
        "f":0.8261964736
      },
      "hospital":{
        "p":0.7785714286,
        "r":0.5215311005,
        "f":0.6246418338
      },
      "government":{
        "p":0.8642857143,
        "r":0.5789473684,
        "f":0.6934097421
      },
      "fear":{
        "p":0.9102564103,
        "r":0.6794258373,
        "f":0.7780821918
      },
      "hunger":{
        "p":0.8888888889,
        "r":0.644295302,
        "f":0.7470817121
      },
      "family":{
        "p":0.796460177,
        "r":0.4306220096,
        "f":0.5590062112
      },
      "camp":{
        "p":0.6737588652,
        "r":0.4545454545,
        "f":0.5428571429
      },
      "army":{
        "p":0.6083333333,
        "r":0.3492822967,
        "f":0.443768997
      },
      "ghetto":{
        "p":0.3974358974,
        "r":0.2966507177,
        "f":0.3397260274
      },
      "religion":{
        "p":0.8322580645,
        "r":0.6172248804,
        "f":0.7087912088
      },
      "shooting":{
        "p":0.9197530864,
        "r":0.7129186603,
        "f":0.8032345013
      },
      "food":{
        "p":0.8153846154,
        "r":0.5071770335,
        "f":0.6253687316
      },
      "aid":{
        "p":0.8198757764,
        "r":0.6315789474,
        "f":0.7135135135
      },
      "hiding":{
        "p":0.8647058824,
        "r":0.7033492823,
        "f":0.7757255937
      },
      "survive":{
        "p":0.8525641026,
        "r":0.6363636364,
        "f":0.7287671233
      },
      "sick":{
        "p":0.8352272727,
        "r":0.7033492823,
        "f":0.7636363636
      },
      "american":{
        "p":0.8424242424,
        "r":0.6650717703,
        "f":0.743315508
      },
      "synagogue":{
        "p":0.8774193548,
        "r":0.6507177033,
        "f":0.7472527473
      },
      "buildings":{
        "p":0.8971428571,
        "r":0.7511961722,
        "f":0.8177083333
      },
      "prisoners":{
        "p":0.8591549296,
        "r":0.5837320574,
        "f":0.6951566952
      },
      "kill":{
        "p":0.8539325843,
        "r":0.7272727273,
        "f":0.7855297158
      }
    },
    "cats_macro_auc_per_type":0.0,
    "tok2vec_loss":0.0,
    "textcat_loss":0.0258357008
  }
}