{
  "lang":"en",
  "name":"pipeline",
  "version":"0.0.0",
  "spacy_version":">=3.1.1,<3.2.0",
  "description":"",
  "author":"",
  "email":"",
  "url":"",
  "license":"",
  "spacy_git_version":"ffaead8fe",
  "vectors":{
    "width":0,
    "vectors":0,
    "keys":0,
    "name":null
  },
  "labels":{
    "tok2vec":[

    ],
    "textcat":[
      "war",
      "work",
      "school",
      "russian",
      "relocation",
      "polish",
      "police",
      "Jewish",
      "Nazi",
      "hospital",
      "government",
      "fear",
      "hunger",
      "family",
      "camp",
      "army",
      "ghetto",
      "religion",
      "shooting",
      "food",
      "aid",
      "hiding",
      "survive",
      "sick",
      "american",
      "synagogue",
      "buildings",
      "prisoners",
      "kill"
    ]
  },
  "pipeline":[
    "tok2vec",
    "textcat"
  ],
  "components":[
    "tok2vec",
    "textcat"
  ],
  "disabled":[

  ],
  "performance":{
    "cats_score":0.6116085406,
    "cats_score_desc":"macro F",
    "cats_micro_p":0.7334101382,
    "cats_micro_r":0.5304115981,
    "cats_micro_f":0.6156077749,
    "cats_macro_p":0.7245733932,
    "cats_macro_r":0.5316718507,
    "cats_macro_f":0.6116085406,
    "cats_macro_auc":0.9525508905,
    "cats_f_per_type":{
      "war":{
        "p":0.5894039735,
        "r":0.4258373206,
        "f":0.4944444444
      },
      "work":{
        "p":0.7605633803,
        "r":0.5167464115,
        "f":0.6153846154
      },
      "school":{
        "p":0.7602739726,
        "r":0.5311004785,
        "f":0.6253521127
      },
      "russian":{
        "p":0.2764705882,
        "r":0.2248803828,
        "f":0.2480211082
      },
      "relocation":{
        "p":0.3230769231,
        "r":0.2009569378,
        "f":0.2477876106
      },
      "polish":{
        "p":0.3475177305,
        "r":0.2344497608,
        "f":0.28
      },
      "police":{
        "p":0.823943662,
        "r":0.5598086124,
        "f":0.6666666667
      },
      "Jewish":{
        "p":0.4607843137,
        "r":0.2248803828,
        "f":0.3022508039
      },
      "Nazi":{
        "p":0.8888888889,
        "r":0.7272727273,
        "f":0.8
      },
      "hospital":{
        "p":0.7692307692,
        "r":0.5263157895,
        "f":0.625
      },
      "government":{
        "p":0.8148148148,
        "r":0.6315789474,
        "f":0.7115902965
      },
      "fear":{
        "p":0.880794702,
        "r":0.6363636364,
        "f":0.7388888889
      },
      "hunger":{
        "p":0.8909090909,
        "r":0.6577181208,
        "f":0.7567567568
      },
      "family":{
        "p":0.7364341085,
        "r":0.4545454545,
        "f":0.5621301775
      },
      "camp":{
        "p":0.644295302,
        "r":0.4593301435,
        "f":0.5363128492
      },
      "army":{
        "p":0.5714285714,
        "r":0.3636363636,
        "f":0.4444444444
      },
      "ghetto":{
        "p":0.3671875,
        "r":0.2248803828,
        "f":0.2789317507
      },
      "religion":{
        "p":0.8072289157,
        "r":0.6411483254,
        "f":0.7146666667
      },
      "shooting":{
        "p":0.9024390244,
        "r":0.7081339713,
        "f":0.7935656836
      },
      "food":{
        "p":0.8188405797,
        "r":0.5406698565,
        "f":0.65129683
      },
      "aid":{
        "p":0.8083832335,
        "r":0.6459330144,
        "f":0.7180851064
      },
      "hiding":{
        "p":0.8508287293,
        "r":0.7368421053,
        "f":0.7897435897
      },
      "survive":{
        "p":0.81875,
        "r":0.6267942584,
        "f":0.7100271003
      },
      "sick":{
        "p":0.8202247191,
        "r":0.6985645933,
        "f":0.7545219638
      },
      "american":{
        "p":0.8445945946,
        "r":0.5980861244,
        "f":0.700280112
      },
      "synagogue":{
        "p":0.8724832215,
        "r":0.6220095694,
        "f":0.7262569832
      },
      "buildings":{
        "p":0.8670520231,
        "r":0.7177033493,
        "f":0.7853403141
      },
      "prisoners":{
        "p":0.8445945946,
        "r":0.5980861244,
        "f":0.700280112
      },
      "kill":{
        "p":0.8511904762,
        "r":0.6842105263,
        "f":0.7586206897
      }
    },
    "cats_macro_auc_per_type":0.0,
    "tok2vec_loss":0.0,
    "textcat_loss":0.0201906892
  }
}